<?xml version="1.0" encoding="utf-8"?>
<uexplugins>
    <plugin uexName="uexImage" dyType="2" version="3.0.10.19" build="10.19">
        <info>10.19:增加压缩图片的接口</info>
        <build>10.18:修改滑动浏览卡的问题</build>
        <build>10.17:测试版本添加图片信息资源</build>
        <build>10.16:添加图片信息资源</build>
        <build>10.15:优化双击查看图片，中心缩小图片，状态栏丢失问题</build>
        <build>10.14:修改长按手势回调方式</build>
        <build>10.13:增加浏览图片的双击单机查看图片</build>
        <build>10.12:修改展示浏览图片的动画</build>
        <build>10.11:修改openPicker选择图片方向性bug</build>
        <build>10.10:增加style为1的国际化语音</build>
        <build>10.9:修改动画速度展示</build>
        <build>10.8:添加默认的 浏览图片列表title</build>
        <build>10.7:长按浏览图片崩溃问题</build>
        <build>10.6:测试版本</build>
        <build>10.6:style 传类型为number类型、string类型都可以</build>
         <build>10.5:新样式测试版本</build>
         <build>10.4:长按图片回调给当前图片名称</build>
        <build>10.3:增加新样式</build>
        <build>10.2:添加动态库支持</build>
    	<build>10:修复在4/4s机型上裁剪接口闪退的问题</build>
        <build>9:修复openPicker接口在选择相册界面滑动时可能会产生重影的问题</build>
        <build>8:openPicker接口打开相册时，默认滑动至最底端，以显示最新拍摄的照片</build>
        <build>7:修复7.x系统上一个导致卡死的bug;修复iPhone包在iPad上运行时的崩溃bug</build>
    	<build>6:修复pick图片方向不正确的bug</build>
    	<build>5:添加IDE支持</build>
    	<build>4:新增接口setIpadPopEnable</build>
    	<build>3:删去资源包中多余的info.plist</build>
    	<build>2:修复armv7环境会编译失败的bug</build>
    	<build>1:修复openCropper没有国际化的问题</build>
        <build>0:uexImage插件</build>
    </plugin>
</uexplugins>
